{"actions":[],"apps":[{"acl":{"app":[],"field":[],"record":[]},"app":null,"category":{"categories":[],"useCategory":"false"},"form":{"layout":"[{\"id\":null,\"type\":\"ROW\",\"isSubTable\":false,\"var\":null,\"label\":null,\"controlList\":[{\"isVirtical\":true,\"styleMap\":{\"width\":193},\"type\":\"SINGLE_LINE_TEXT\",\"var\":\"文字列__1行_\",\"label\":\"文字列 (1行)\"},{\"isVirtical\":true,\"styleMap\":{\"width\":315,\"height\":162,\"innerHeight\":125},\"type\":\"MULTIPLE_LINE_TEXT\",\"var\":\"文字列__複数行_\",\"label\":\"文字列 (複数行)\"}]},{\"id\":null,\"type\":\"ROW\",\"isSubTable\":false,\"var\":null,\"label\":null,\"controlList\":[{\"isVirtical\":true,\"styleMap\":{\"width\":193},\"type\":\"DECIMAL\",\"var\":\"数値\",\"label\":\"数値\"},{\"isVirtical\":true,\"styleMap\":{\"width\":196},\"type\":\"DATETIME\",\"var\":\"日時\",\"label\":\"日時\"}]},{\"id\":null,\"type\":\"ROW\",\"isSubTable\":false,\"var\":null,\"label\":null,\"controlList\":[{\"isVirtical\":true,\"styleMap\":{\"width\":253},\"type\":\"MULTIPLE_CHECK\",\"var\":\"チェックボックス\",\"label\":\"チェックボックス\",\"align\":\"horizontal\"}]},{\"id\":null,\"type\":\"ROW\",\"isSubTable\":false,\"var\":null,\"label\":null,\"controlList\":[{\"isVirtical\":true,\"styleMap\":{\"width\":344},\"type\":\"USER_SELECT\",\"var\":\"ユーザー選択\",\"label\":\"ユーザー選択\"}]},{\"id\":null,\"type\":\"ROW\",\"isSubTable\":false,\"var\":null,\"label\":null,\"controlList\":[{\"isVirtical\":true,\"styleMap\":{\"width\":196},\"type\":\"SINGLE_SELECT\",\"var\":\"ドロップダウン\",\"label\":\"ドロップダウン\"}]},{\"id\":null,\"type\":\"ROW\",\"isSubTable\":false,\"var\":null,\"label\":null,\"controlList\":[{\"isVirtical\":true,\"styleMap\":{\"width\":193},\"type\":\"LINK\",\"var\":\"リンク\",\"label\":\"リンク\"}]},{\"id\":\"5520342\",\"type\":\"SUBTABLE\",\"isSubTable\":true,\"var\":\"テーブル\",\"label\":\"テーブル\",\"controlList\":[{\"isVirtical\":true,\"styleMap\":{\"width\":193},\"type\":\"SINGLE_LINE_TEXT\",\"var\":\"文字列__1行__0\",\"label\":\"文字列 (1行)\"},{\"isVirtical\":true,\"styleMap\":{\"width\":193},\"type\":\"DECIMAL\",\"var\":\"数値_0\",\"label\":\"数値\"}]}]","revision":null},"iconMeta":null,"info":{"automaticallyChooseTitleComponent":"true","code":null,"decimalPrecision":"16","decimalScale":"4","description":"","enableBulkDeletion":"false","enableRecordReuse":"true","fiscalYearStartMonth":"4","iconKey":"APP39","iconType":"PRESET","jsFiles":null,"jsScope":"ALL","name":"レコード登録1件","roundingMode":"HALF_EVEN","theme":"PLAIN","titleComponentLocalId":null,"useComment":"true","useHistory":"true","useThumbnail":"true"},"jsFiles":[],"notification":{"appNotifications":[{"events":["RECORD_COMMENT_ADDED"],"target":{"entityId":"5520329","entityType":"FIELD_ENTITY","includeSubs":"false"}},{"events":["RECORD_COMMENT_ADDED"],"target":{"entityId":"5520330","entityType":"FIELD_ENTITY","includeSubs":"false"}}],"recordNotifications":[],"reminderTimezone":null,"reminders":[],"useComment":"true","useReminder":"false"},"plugins":[],"reports":[],"resource":{"tables":[{"rows":[{"fields":[],"objectId":"0","subObjectId":"-1"}],"type":"AppName"},{"rows":[{"fields":[],"objectId":"0","subObjectId":"-1"}],"type":"AppDescription"},{"rows":[{"fields":[],"objectId":"5520328","subObjectId":"-1"},{"fields":[],"objectId":"5520329","subObjectId":"-1"},{"fields":[],"objectId":"5520330","subObjectId":"-1"},{"fields":[],"objectId":"5520331","subObjectId":"-1"},{"fields":[],"objectId":"5520332","subObjectId":"-1"},{"fields":[],"objectId":"5520333","subObjectId":"-1"},{"fields":[],"objectId":"5520334","subObjectId":"-1"},{"fields":[],"objectId":"5520335","subObjectId":"-1"},{"fields":[],"objectId":"5520342","subObjectId":"-1"},{"fields":[],"objectId":"5520341","subObjectId":"-1"},{"fields":[],"objectId":"5520352","subObjectId":"-1"},{"fields":[],"objectId":"5520343","subObjectId":"-1"},{"fields":[],"objectId":"5520344","subObjectId":"-1"},{"fields":[],"objectId":"5520345","subObjectId":"-1"},{"fields":[],"objectId":"5520346","subObjectId":"-1"},{"fields":[],"objectId":"5520347","subObjectId":"-1"},{"fields":[],"objectId":"5520347","subObjectId":"5520336"},{"fields":[],"objectId":"5520347","subObjectId":"5520337"},{"fields":[],"objectId":"5520348","subObjectId":"-1"},{"fields":[],"objectId":"5520349","subObjectId":"-1"},{"fields":[],"objectId":"5520349","subObjectId":"5520338"},{"fields":[],"objectId":"5520349","subObjectId":"5520339"},{"fields":[],"objectId":"5520350","subObjectId":"-1"}],"type":"FieldLabel"},{"rows":[{"fields":[],"objectId":"20","subObjectId":"-1"}],"type":"ViewName"},{"rows":[],"type":"CategoryName"}]},"schema":{"groups":[],"revision":null,"subTable":{"5520342":{"fieldList":{"5520341":{"id":"5520341","label":"文字列 (1行)","properties":{"defaultValue":"","expression":"","hideExpression":"false","max":null,"min":null,"noLabel":"false","required":"false","unique":"false"},"type":"SINGLE_LINE_TEXT","var":"文字列__1行__0"},"5520352":{"id":"5520352","label":"数値","properties":{"defaultValue":null,"digit":"false","displayScale":null,"max":null,"min":null,"noLabel":"false","required":"false","roundingMode":null,"scale":null,"unique":"false","unit":null,"unitPosition":"BEFORE"},"type":"DECIMAL","var":"数値_0"}},"id":"5520342","label":"テーブル","properties":{"noLabel":"false"},"var":"テーブル"}},"table":{"fieldList":{"5520328":{"id":"5520328","label":"レコード番号","properties":{"noLabel":"false","required":"true"},"type":"RECORD_ID","var":"レコード番号"},"5520329":{"id":"5520329","label":"更新者","properties":{"noLabel":"false","required":"true"},"type":"MODIFIER","var":"更新者"},"5520330":{"id":"5520330","label":"作成者","properties":{"noLabel":"false","required":"true"},"type":"CREATOR","var":"作成者"},"5520331":{"id":"5520331","label":"更新日時","properties":{"noLabel":"false","required":"true"},"type":"MODIFIED_AT","var":"更新日時"},"5520332":{"id":"5520332","label":"作成日時","properties":{"noLabel":"false","required":"true"},"type":"CREATED_AT","var":"作成日時"},"5520333":{"id":"5520333","label":"ステータス","properties":{"noLabel":"false","required":"false"},"type":"STATUS","var":"ステータス"},"5520334":{"id":"5520334","label":"作業者","properties":{"noLabel":"false","required":"false"},"type":"STATUS_ASSIGNEE","var":"作業者"},"5520335":{"id":"5520335","label":"カテゴリー","properties":{"noLabel":"false","required":"false"},"type":"CATEGORY","var":"カテゴリー"},"5520343":{"id":"5520343","label":"文字列 (1行)","properties":{"defaultValue":"","expression":"","hideExpression":"false","max":null,"min":null,"noLabel":"false","required":"false","unique":"false"},"type":"SINGLE_LINE_TEXT","var":"文字列__1行_"},"5520344":{"id":"5520344","label":"文字列 (複数行)","properties":{"defaultValue":"","noLabel":"false","required":"false"},"type":"MULTIPLE_LINE_TEXT","var":"文字列__複数行_"},"5520345":{"id":"5520345","label":"数値","properties":{"defaultValue":null,"digit":"false","displayScale":null,"max":null,"min":null,"noLabel":"false","required":"false","roundingMode":null,"scale":null,"unique":"false","unit":null,"unitPosition":"BEFORE"},"type":"DECIMAL","var":"数値"},"5520346":{"id":"5520346","label":"日時","properties":{"defaultExpression":"NOW","defaultValue":null,"noLabel":"false","required":"false","unique":"false"},"type":"DATETIME","var":"日時"},"5520347":{"id":"5520347","label":"チェックボックス","properties":{"defaultValue":[],"noLabel":"false","options":[{"id":"5520336","label":"sample1","valid":true},{"id":"5520337","label":"sample2","valid":true}],"required":"false"},"type":"MULTIPLE_CHECK","var":"チェックボックス"},"5520348":{"id":"5520348","label":"ユーザー選択","properties":{"defaultEntities":[],"defaultSelect":[],"entities":[],"noLabel":"false","required":"false","select":[]},"type":"USER_SELECT","var":"ユーザー選択"},"5520349":{"id":"5520349","label":"ドロップダウン","properties":{"defaultValue":null,"noLabel":"false","options":[{"id":"5520338","label":"sample1","valid":true},{"id":"5520339","label":"sample2","valid":true}],"required":"false"},"type":"SINGLE_SELECT","var":"ドロップダウン"},"5520350":{"id":"5520350","label":"リンク","properties":{"defaultValue":"","max":null,"min":null,"noLabel":"false","protocol":"WEB","required":"false","unique":"false"},"type":"LINK","var":"リンク"}},"id":"1","label":"__ROOT__","properties":null,"var":"__ROOT__"}},"settingsNotesForm":{"content":null,"willBeInherited":null},"status":{"actions":[],"filters":[],"initialStateId":null,"states":[],"useStatus":"false"},"uuid":"a9e785b4-f844-4b8d-b545-a5e275460d78","views":[{"advancedMode":null,"builtinType":"ALL","device":null,"fields":[{"row":[{"columnWidth":null,"id":"5520328"},{"columnWidth":null,"id":"5520343"},{"columnWidth":null,"id":"5520344"},{"columnWidth":null,"id":"5520345"},{"columnWidth":null,"id":"5520346"},{"columnWidth":null,"id":"5520347"},{"columnWidth":null,"id":"5520348"},{"columnWidth":null,"id":"5520349"},{"columnWidth":null,"id":"5520350"}]}],"filter":{"category":null,"offset":null,"order":[],"q":null,"size":null,"sort":[]},"html":null,"keyFieldId":null,"name":"（すべて）","pager":null,"revision":null,"titleFieldId":null,"view":"20","viewType":"LIST"}]}],"description":"","iconKey":"APP39","iconMeta":null,"iconSrcAppId":"a9e785b4-f844-4b8d-b545-a5e275460d78","iconType":"PRESET","imagesMeta":[],"lookups":[],"name":"レコード登録1件","references":[],"version":"39"}